{"file_hashes":[{"block_hashes":["+9dKE4tlFRTeaREnTL+rmRVJd6Pcio4lQ+5aNfOJGQs="],"block_size":4096,"path":"access.html"},{"block_hashes":["It+Y4VwfBTOSajWpD8L8Q8F5+3WyFgFEn4KirWSr/tU="],"block_size":4096,"path":"css/access.css"},{"block_hashes":["c7KzIdrxYogapttLST70DeyxrbUoXZm1pCXlNSM/yCs=","BBfL+ybjKyy82OpinYerGMOsDsEcYgj9SJqvI34C6G4=","Ce0nEux2a9tKUh1wIzLsf09yseiXAC5uny2zX4GrwU0=","wKs0fQ45/xE7/ty0ZAsO3FRn8SZpzws3kxLUmUY0iYo=","B2aHL1qF+ZNabHJrW/wdCiRyVdPbky7Mpgx0Hdc4nPw=","N95kJoK9u5WzfDk1J72OWeuSt4WPQSRvpC3wu4NLP2U=","MtkqFbvkfH8thfOTcnt7SR9CaDMN54uYtGcVC0C2uu8=","2v6zyxhs3OtAH11mzfex+v2TtY3D4FYXf5L8XNgIX+Q=","EK5Ptmmhgo5farFydtdA2vZyY7ftKrpLTD33w9DpCDw=","hSv7zkUdsoc2mrI+CKbQM9euzKGl03W+cBRAvDyf+0A=","Ul4JscwCXTP0+2/iWsmM4+m/zm9MK1FhRFJfJQSsV9w=","TESwTvauGh+irMjMhc1mcN2Yt7R/z9kx7n9UKdi/1oU=","j+jFeJRXO1Bfqc45y2DmtZDKHrlJ7Ie60ddkLJfllqk=","m2BKwK4UVbUXkv49CTORpTcV8tavk6rcv7LVN97aV9k=","V8CsuSAIhxBC+Ej41xjmqnTVZAng00W9vj+67uhik2E=","MzkNpxolgF4v5wluAjM0wTFkA4yBTao6CXusfipB3kA=","QuJ8pipXiH14xsNTD2jUDJxQCJxe16ugzlU6H0aqtyI=","dzEEnW8YdDexw1CeeVA+aDMRtVUzFG1w3fhIfh3PzwY=","dYEftxE5hXgUyg6Muv6FoHRnD6g66LYGk9CWh2LVrUE=","wVLNx7tJnIj3Cyaij2NfDcYVnjtDX/iwotHEvNVjcOQ=","Y8cbduiwkxept+CpMLvbkuVggfBluuifYC9ZDw03MF8=","ESLoYSfsFksVEmaTOGN5pMQFVd/qMD4dl4uCR8lHw78=","9brJxaHjyF+eUmWsrHpJ8NSIRo4kwfLEmdE266eg8c0=","qZhFBwiOEEM+aymUIOVLFN1wvxupC59Hr+sbMTIq/HE=","Slbr9ega2iuIDOkVW8+WvbnYUOJuTgwTERrW5cT1Zag=","lEv7WhXYmeuRezUtXUstdUIUGmkdIF/OH73gu2U/SHc=","yF+e033LHG0R1MHYrUoOV3xIXhnIlwO+ADD50gkHNtY=","ken3LqnJzSD5S+XST7J3py5s4zAZi+K7qC3HA+p3DMs=","YWXdK8Cc9FBrf3SkpYehybVAIpzV13J9CCJL4V/WZ5E=","MWsUndZFjbBHiLo2991N1btBwLNaEGc/LBGlsGmdPfg=","Zwlh2wIbG9d0RbgoUmVM4/CfRK8e8MBhMCz0gAut/Fg="],"block_size":4096,"path":"css/bootstrap.css"},{"block_hashes":["98P1bfTXXWJEnkk5X/eejXGARhurTFcd9JhsT/S0wHw=","Nv60MbzZMlqvHYoDcPlc6GTSJGSSQjuDdmIVCcV2aLs=","1gV7w5XJjAVQjz24Q5V8QU110xX1fG/Omo1y/R14QDc="],"block_size":4096,"path":"css/supercopy.css"},{"block_hashes":["zQqgax7s4YYE6oFJm2QkD5NiBX2AArwZdvmGImyGL0U=","x7yoXVagEHoaoj1TvwG+mXDLGdy2rlbkfefz+MuoPIk=","4m+KcqHyEqhZfhHRYdjvcMaLiWmq8kG57dnXFBM8yA0=","KFWQQrTm6nQDPIym/tMw9LHjVPqow07H12dX5G14Ib0=","nTC4avYu3XPKfdxZbZiYtW2+LD2L5LgJDu6ZYlpFIyA="],"block_size":4096,"path":"fonts/glyphicons-halflings-regular.eot"},{"block_hashes":["DUIK+6TJHoEp2jz/YLIV7zUkVM/ZxwjyQWYnxBK509s=","EaJIT3GtLhdhg3tvJOYn2P5dzS5C8vr5AokL0ONmLHw=","sZ2L1G/3/cleL14J4US8rGlHj16NufwMNPSIjVnTHrg=","D67Vs5rnX2UVs/mVKloFe104qDdbYSpKnsvvmEOTBeo=","/cQP0QfV0v8engQgw96aXcauED4PXSEW4W9S6bvL1wE=","KyVrij5QPBLRcH4ES964CFj70Qjnp5tEHvOmfoxsP1w=","8f2TqS2fzr1gMc9BZg9Vw3JBiPHL5OD5q18F7m3JTow=","zo1YtWhNsKfH252COTV+Oo4tPmMD96L9hsMi7OQH0vw=","fi5ZEmMqb2V5Qoaf24KlM3HQ/zqZla+VBjZgQ2mxKW0=","QM2Aa69qUqql07oWX9DMbQfjfcuq8hGnm33gqQtCmzg=","G0c5Dkpv4bg0FSJOyi5ME2wzkxlilFBr6PAi3YOvfq8=","9a+NSOts/TGc3gOqJ7QPe9brvs/WaSIY5XRuW97SLyw=","Li2Wv6bY1qzBMWp1xdFfwVV3c5tfGa/UL8ZdIlfdFI8=","cWMV4XRYcbngrUYyt4TZFVW95aNZbwq/TH9OrW6rghI=","N7+GuiEpFGIxP251yQ7F1ktL9AAw2FK5fytwYuXrEjg=","wf1EEOHe+LdZ9bji09Iy//Vm2S/i0nYVxaacyowVSzU=","7xeSE89C6U+5W0sG/HeQZgIXDyVHhACxTumhnXAVE08=","I+IAGMaeqIebb7wNmSy0RFPaxXZHgwYkJfIEIuxBB4k=","4OzGv6KDnHXtmeWmyUML2ktNgtfjC4OsBS2Nu6nQ3s0=","rSKPol330BImFqKWPMfOaJgc0C7tmOE3+zmVseTXBsw=","tDVjIBbSVzLhvpAxWvj+o4w7lfVYPWoq6p/dEk8DGtI=","FPyIC609pdpgigaTauAOeKLZCCxrb8h6y2fqVw1cJ7o=","9+gYNgInDhMyGt80U7vGLoEfsH3oj7sltR8ZCVYo8rA=","QnfWd0GlbASOFt2Kihp990OjxjkT3tdJ5D5C8exUS68=","ag1P5rQCyxd/ZaHxTOU496h7VV4WfNDnzreGElkfmVg=","ZOh5vratCC7AkAR+YvKNcxrvGGzTxLCde/LIJLbHzxs=","WlIwEEGsSgfslJRC+VGcwQ+q42sWiDK9iBQh/a1K2BU="],"block_size":4096,"path":"fonts/glyphicons-halflings-regular.svg"},{"block_hashes":["UQj8MednkP0CqG93+1hlZyJQIciadgSIQlkzFPuqO9g=","3sCb/Ral8Y5shh+upo3ZR7gr1mI0msBjOtDvOfWSP+I=","ejnIlqNn6/Fakv8AQUVxAkrgSsRImTiQFmAxopjNdFA=","+L5zRUb1EB71EhgV9Fxo7ajdmKMcnq0SyZpyT7wIpa0=","IO8iChrU81ZJhPRC6q7d3V8L9CPoB1txCv0XP7JVAxA=","CkfllfXJ/oRgYeBZaWZ5d96ndjSzl8uktfNuiv1gTu4=","29HrB/SGUYYSTJfZRctxQgeEQKIY5UF1eMTNg84xLEE=","Jg3FaCS6EeWIDET69KrSbR1aejV8kl0tE3UqO4R26eY=","x8uslvxbe193tQlYrst8RFjBUqIqo4lWWnW9/zH5CDw=","c2hlBrl5UT79AV+ypuEeUmx8Y8awJLYlL4IKv2zvYbo=","6JyPFL+/Cyoa5sGRXhW1wsrYQJLnoo1S8zgxfOF2Pdc=","qRF25AvxvZp1VJbl5MM/5EG52WJw/1IQ7moAS3vhzVo="],"block_size":4096,"path":"fonts/glyphicons-halflings-regular.ttf"},{"block_hashes":["tZ4ReWw8lCN2x7lofUv3C6dqWH6iSH/i11YX7TMQ5jk=","3nCWhpueUFCeWduPaAaHIbx+gr8PorpnNeF0WBj+zIk=","AqugiJ1m1SQmGNLvZbpRZIHbL9z5p7VhEK7UC4s7ZZU=","sb08tG9DMsNqVy3eOd2ib2hsodvpCoUv0r4as5suLtI=","2+NvT+M34sDgWPMgxomx5GN1VcQgWyNlBwfFDex9LcA=","XS/N5mwnDp03UryRNjDEs1sjZjMxjPZAvaoJ64oemLA="],"block_size":4096,"path":"fonts/glyphicons-halflings-regular.woff"},{"block_hashes":["x8H3vJO6KKS4+GI97KSNjgGFZClwivRQxhVB7hJ7mhk=","cjmKtvlezysLIrcpUjE1/eezGj3QOxsKL94t5eAMPWg=","okvqaADJ1XLyLubudIo4/jmMtmadT6ss2+qdKKQwdzA=","Grvfrctd0d2maQtDOhpGdNTeLMbSu/bbhsuJ/7Z6eGc=","tK+KazDXXmTkYt0j95d1yTYiDsPJH0dZrBuXp8R9XMc="],"block_size":4096,"path":"fonts/glyphicons-halflings-regular.woff2"},{"block_hashes":["318dS0RiiqcZn8EJZzs90RnZRq+ccCZUYcjN12budJs="],"block_size":4096,"path":"img/qqgroup.png"},{"block_hashes":["3pcaEy03TaZoiPNyczw1fz8FO1LZi8qoHkYeLw9WjHY="],"block_size":4096,"path":"img/tab.png"},{"block_hashes":["Fx0ycCkHUV4TtKY4GYDdUW8kd42OmGyps+EY1jXkK0c="],"block_size":4096,"path":"js/access.js"},{"block_hashes":["Ttpmlii3RCo3MGU2NVwSG8st2htvq0671UY8+3rsVQQ=","FIj/CI1tY7EQqFOuDzsTlT3k6RWpeUzz+IRNSDJ5bUI=","/o0hu9zAPSx4Di9Mz335qOVmcZ/FP0GwkxARDsIZdk4=","aXKOMTopaCz7bigxR6RYKNllqicGjh0olUG4CcmKewE=","xmTvdcfGLQ+PXk5BadxIpjBdAU1jx6V1XI6y6RUTkwc=","f3zNEBp9vF+6i6/Vca//OQYsP5ptGOEMbbIW9LepIBA=","YzjHYxkjq0dC/4tOMolc92ZrXEH4WaRo8ZOh8+kSdKY=","42mcMlCosUxpznPl8U7+FSaI6ZcBuUJ8+yVFBBX9BGE=","vh375aU1zEUD/4m+L5aKZSxByb1eOlMHbfaXVft2Dgk=","o8ISGnRoe5NGz9FuYROFSZm796LHIGpPweNPKh80TdA=","T/RlIesbSAcKCnHF+jar/Mp5gUogLHYy32zGQ2GYfeU=","rFaMFauM9aqu3A5X+I4uMuFp2bSc060SvbIkS+WL4tg=","ZjUGve7CBxM8r8WqSVvP5QDCCU2Behrev1XprOjt2+Y=","N1i/OtPbOwMttmeXq0JGxK5jLgKp+Ad+qKiP1wD2Ulc=","RwRbL53STmwKjXzcaonBozMTRf5RmC2Lwl5jr4wfiw4=","/8p8Esu0XPRDNry4Zlu0K7awW3Qb+9eJd90fQYqbwlM=","uI5FnHlcys/X84+EizbEZKQtffLvgUVUKg5PQNNY1mY=","55nHL6cmt9T8cpO1BtHXiVuh25q/B4QEqfoidQGRxfI=","mywpufbzKcgAEGJ/r1q4Okc6o+tLi0y+r4+R9wpHGxo=","FGO4EJMJRcgeWt/prymtprrGnBGPMo3PHaymLFf2WLE=","7iyjKSWZeHQr5lwiaZHcWCwhOz6Wb2Pgu0yz8wmVC4E=","jO9T7ySj6IwzKMePitHUerMlIqpG8ugi8AdPMZUGUmU=","m6y3HlujY7nr6AdJVmw+5mJh0cqEWM9U0HMRnExWzfI=","UgIgSas2vz2BTDS/iTcbrAYv4F42H8sCbQM4MVO85sw=","8bdbkeSDfIVgCxvt5CSFRoinrho5bwaLBX4sHokuA6s=","3/qrXECUtkbV650c4lgdjTF/KEwBctF/P0uyc8NI7qQ=","5eM8rJCQ9K+BpJ/HKBRjCxXm8qTm5lHgIdOBSCWs0Vs=","QWeAiKj3pExkqUzPFrnud61t3cb2zkqg8bYj3jPyIPY=","7fyk75XfamRhEOLU5dpPQVy4xqgng+5cKycrFml0FWk=","hburX16dE1V1sKnhsHQjBLJCJhyHwpCqLXaNlLpyNeo=","7Ow5T+my3XDabm8Y7kz7NctqXM9XPJZ1IdLr1RSTKew=","MEqu4VR+orXlrFN9QBeedkkUOdIsjpbwi1n0p6FAG+g=","pM/bPhhA6Amb6rTtjg1p9fwfVWOfhf4dMYB8dqd0yh4=","JtX3zT2B2z/6Wbjgj5pjO17i5R6NJXx7vxEp/SRDTLo="],"block_size":4096,"path":"js/background.js"},{"block_hashes":["sEzkTG39V4PYus0LRnQkoUCQHxMNho35aPaVtIrclEo=","se4N8xuijRTfwDuPZSIHy+i1PCNxuaV0DV2I/Bn4jkg=","iAb8BucaQpcEvW7ZkaoVDnr4ORrbJM7sROecvnAKajs=","D8dl1GJ+GhM6FABfTIw4tupOHWuGaKsCaw4pL4d8nws=","DvroRCams39jfOUpV83Jkg4a3MgLamvrPSUz2vOZf2c=","XfYbsGLc96Ul7fdLq9dzSU+NBC5b4qDKJvlahoXoww4=","aX5B5s5gfe6pYRs+EH7pKn7OkuWXxofpiwouX52il4M=","TrE+S4Utouor2iqj4xhT2tn5Ex0K68l2bqXBDTGDBEA=","ZorbE+xKSmFaQhcAhud+Go2VoEnWzyOT8ZAbEldQdMo=","CvfkBVA3p8aMvgIDwFXQF3Li4ZsU8Y1rOBzPynnouDY="],"block_size":4096,"path":"js/bootstrap.js"},{"block_hashes":["txBsjSLvY+S+Oxs10VbD0pl/Wo5E8c1gniyaYGerKGk=","U1FPxSYgHkGPyJc3+JfupsenAHNA3xCea1juyoPDYM0=","X0nxayn5V6knEGgL9ZwtCKEQQtUCwhJp4W86IGjpVNI="],"block_size":4096,"path":"js/clipboard.min.js"},{"block_hashes":["a/BAlSSBCDHbprMhIUAb+4hslefPLVzpS5wzbRvJhu0=","eJGgPswmnQzd10cxQJHlrHe2VEDZDpztvLvEpD6Zh6g="],"block_size":4096,"path":"js/code.js"},{"block_hashes":["zXjcmge1fCtoRARrTrAazfxLNHMxSQO2ZjHV95bdSV8=","VlWHoOqB/FcEFwVuJEfVh/JpEfPNCRbSQObTePt8zZg=","p8vRHqd7C4vDu3T2UtcPmuK1nqMJZNdY6ItvLyrQvQo=","L1c1etiuu6hARo+P871Qi5WR2oyhIDUH9GG4KeMehFM=","Ck9VsfACjspWC/V65LsscDzOHBuPCOluE/FwGAOudb0=","dNaWclULwc/UCMpxuAc6DtPJIeFjLHWbbyVYyqUjYS0=","hapLsyBvYZcAufveYqVJrqi6J1LPfyA3nxjggBuVsBY=","28E22/J0N55ogEOB1B7dLG07yZANEJmfcts20NBiw+g=","qXgznSQeRTpu5qtpu7DvI7hUVrCNJIvjNZIZjwTW2vM=","3Y50i38BgFMUrNOw1FKHHfIo7hZOh2ygUsR00kqTpqE=","96TT2SFj4k3h+RSn0AUq7uVoDhLfazPCbHjHDL3Smc8=","u49gWl/AcTnyd1nfGYm1fXO5st3069pfrw+raz1mQKE=","gKKqHGSNTE95hKw9cOSPU9xzV/f66VY5tTzQeUXl/oo=","KY4yL5I9wJx8Nc5fIuWZ/sk7h7yOr1RxmUFJgDLyUY8=","Fgq0K/ie8IAYGPlg8xmW8QQLZaYkKm0NiCLtt8hKDtw=","1G8sdSZSgpKLazv7gaOosTt+1w3pcHGNMULh/cwK1wA=","XjrC173IWr6jyKJ++HGgMFJYv0eNe8JqD2mrP84gfJ0=","n6Rued+DBpgK1OGwxjCOJBRHwx+3aT8aXx5R1WWdmv0=","S9SINUlqAvDtZhhh/4bPYBr4pS5Tu1kI/khuVxqOux0=","1gpCyFOzpalhE9v85n1yz3iCkTcIDLVSwRQPfcxpGYM=","LDENkRRb+Fie9fTYD5uPaUaaoa9ukubSsZi0yGdNv48=","IrLGhA/fvugM8y6mFuUbKFzVQwv6D8oy/wjKuEF/ye8=","SLOXCbu77vymDFzqdrfr24bX1/zJj29RdWQ7q3517A4=","4PULhy/ARk9PeGf1jVnSsuY9feNWMzT1L/OGIBJYa0w="],"block_size":4096,"path":"js/content.js"},{"block_hashes":["WA6Q1P2X45oP9nF9UVLwXnytsspEH0s/2uyO6hcHEE4=","mFTrCEL7LFp5pg4wduqsLYfshx8nneEAl04qtJO41a0=","mDtyTQKODEeDzMubgKbe9woL4PISgXH6IE+z3Y42CsY=","b+nPGozmJJ1gSQIqdDT0VV+HXSP1GWys+Igoti1/doM=","oOuC7BC6GNC/OhV5rNs3yRsMAzS5cI1IUVif0dot9VQ="],"block_size":4096,"path":"js/crack.js"},{"block_hashes":["1mexzKRyeL/Wn7aV2gLZE1AY2xiTEOLK/XmnMOKvqKw="],"block_size":4096,"path":"js/gm.js"},{"block_hashes":["vV4Nuc71F7Z9qGYEccMZ3nx5kO0NH/lu8cjMHmTqfbQ=","crlob+7SQSbgQit0EVt1yf4cqIzWRjO0fhYSZvOKGqg=","9MGcatAWTDHIdG27a5SYfdi5qHg4vFLHipmixWLAx7s=","RdRVPxitbdCrC4gokDxP7kq2o6O0kLMPq42oHX/cxAk=","gBhxbiC5QRJJJ/mbd/xOzVlus+fozdIEToAg91QLkgQ=","YPyfpLuYvGPQhW7IwMDfAF/K9uWD14YIr+Ojgsv8Uu8=","liFLoMXw4T23JM+DhLTvrj3Le25VLQOjioTEUjM23A8=","4EXdeGLdOznBFYAF3oMcRrgR5p1vLmnYNC5LJgRQt7c=","GTq2DwJvCp4BzndUIxbb7lKZTofQyluhozg8CwJ0Ghk=","6e78tcEV2p5uziGfMC/Sm2u0dmrAlkq469AsVeS2jog=","6gvRG4NvDU2bY2QxpsIixjxjjofUK1KoZia55PpmvIA=","WBunrLkmomcm552zCY4ZygZJi3HyzSHvK+eJnU58MY4=","EszdvoJIl+j4fvRmExrFeQhhUyaxZzwVCBMzhN/Q7X4=","HXO6JxhEaa34LbDrUvKolX8A41UP5bfzeKl4ulM5SfA=","sumkuS+gk5K/MThusirIgpx/0RUbh+w0JelSG3WDHtY=","M1ju2DLGx26wKp+MmhG5mwQPiG1pJltKWPHMrbvDvrs=","XFCFxt3DVE5jefAXR/mgpDxyVelYXFG7lcvr9dlf0gU=","q6Te7+dPQ2awg4hMTl6Wv52C6wN9QOO+gU+Xa5NvjJg=","QqbVFC0zu/hmPMhNEHYvCba/Qxda57IvW5lObnM+dhg=","m7AAjiXDy3xwjpUmZnRQuag7MDneG7ThoUgPDxIjuqc=","bTrhsjm5UpffDQEh39neCpMLEDDSCFwXSa3YPiIoo4c=","sbNT2GW5k7nBiEOyGtgz8T4a9Q98CHwigRJaIRTP/TA=","0rhYpSZ/Gs97su7r+j45EvCZhOEoPgB6dYREBsU46Dw=","EKYmUQK1/1guoCj8/KHAf9EHmzggNfRVuawXOQ2Dqh4=","pDvt4ZPzUDekuuBclVPnL7JG4zrVzb70pE8/dyMISGw=","f7u8CYXhwX0yagV50SJ/g5TCUDjloUWn3G3WPap/d+A="],"block_size":4096,"path":"js/jquery.js"},{"block_hashes":["m4LrTs8gY26bk854BCdNwrgbLkH0SQM+eiPeOQ4qGLE="],"block_size":4096,"path":"js/option.js"},{"block_hashes":["bnhpcBFa2DtOFajY2QsRug5CiJDKVaCpk19PzEk2Vv0="],"block_size":4096,"path":"js/popup.js"},{"block_hashes":["65eHUET/b9BgloLRgpKOd0aMRB/XseNdEGAaIo6jRw4=","UYogc1HWwV5ZpOSWg4ithAzDPJtK7WSmnNw8i0ujZvQ=","COSGWTvEdud1SCVi2RF1ctx9kD2yDCMRTSckHxXpcHA=","BolqDgxmnnPaqa3DaMRErD6g7cSkRRaRC1cFrHc9xBY=","czByl+drRfY0hYWsU9Xpw2rsXCqnwJaMeR6f/Cg2rsQ=","/q3Ims5uhk1s50vxBCAa+T+FcqBhPEdmJ3uEHs8E+WI=","7EbiAX5aNO3i4kIyB6znEMXamxq0M98XRYwbyczKSH0="],"block_size":4096,"path":"js/system.js"},{"block_hashes":["5lzMyyHvk4Xc7xZU9wYyAFE4U4oOH0m3XLLKeZQ4DYg="],"block_size":4096,"path":"option.html"},{"block_hashes":["bPjp+YaUiRInJQYuaqhcItayfFOSWmnH/nRXTTn+QXU="],"block_size":4096,"path":"popup.html"}],"version":2}